{"block":[[2.0,2.0,3.0,1.0,3.0,1.0,3.0,3.0,2.0,2.0,2.0,1.0,1.0,2.0,1.0],[2.0,3.0,3.0,3.0,2.0,2.0,2.0,1.0,3.0,3.0,1.0,3.0,1.0,1.0,3.0],[3.0,3.0,3.0,2.0,3.0,2.0,3.0,2.0,1.0,3.0,2.0,3.0,3.0,1.0,2.0],[3.0,3.0,2.0,3.0,2.0,2.0,1.0,1.0,3.0,2.0,1.0,2.0,1.0,1.0,1.0],[1.0,1.0,1.0,3.0,3.0,2.0,3.0,2.0,2.0,1.0,1.0,1.0,2.0,3.0,2.0],[3.0,3.0,2.0,3.0,3.0,3.0,2.0,3.0,1.0,2.0,1.0,3.0,2.0,2.0,3.0],[1.0,3.0,3.0,2.0,1.0,3.0,1.0,1.0,1.0,1.0,1.0,3.0,1.0,1.0,1.0],[3.0,3.0,1.0,3.0,3.0,2.0,2.0,1.0,2.0,1.0,1.0,2.0,2.0,1.0,1.0],[3.0,1.0,2.0,2.0,2.0,1.0,1.0,1.0,1.0,2.0,2.0,3.0,1.0,3.0,3.0],[2.0,1.0,2.0,3.0,1.0,1.0,1.0,3.0,1.0,1.0,2.0,1.0,3.0,3.0,2.0],[1.0,2.0,3.0,1.0,3.0,2.0,1.0,1.0,2.0,2.0,3.0,1.0,1.0,2.0,2.0],[1.0,3.0,3.0,2.0,2.0,3.0,3.0,3.0,1.0,1.0,3.0,3.0,3.0,1.0,1.0],[3.0,2.0,1.0,2.0,1.0,2.0,2.0,1.0,2.0,2.0,2.0,3.0,2.0,2.0,1.0],[1.0,2.0,2.0,1.0,3.0,1.0,1.0,2.0,1.0,3.0,3.0,3.0,2.0,3.0,3.0],[1.0,3.0,3.0,1.0,2.0,1.0,1.0,3.0,3.0,1.0,2.0,2.0,3.0,3.0,1.0]],"fitness":[46.74466314987344],"radar":{"0":98.1899887654475,"1":100,"2":37.481371087928466,"3":50.076893085922094,"4":47.558908233285706,"5":80.0,"6":78.37003088572281,"7":66.66666666666666,"8":100}}