{"block":[[2.0,2.0,2.0,3.0,3.0,3.0,2.0,2.0,3.0,2.0,1.0,3.0,2.0,1.0,3.0],[2.0,3.0,2.0,2.0,3.0,1.0,1.0,1.0,1.0,1.0,3.0,2.0,1.0,1.0,1.0],[3.0,3.0,1.0,3.0,3.0,2.0,3.0,1.0,2.0,1.0,1.0,1.0,1.0,1.0,3.0],[2.0,3.0,1.0,2.0,3.0,3.0,3.0,3.0,3.0,1.0,1.0,2.0,1.0,3.0,3.0],[1.0,2.0,1.0,3.0,1.0,2.0,1.0,1.0,1.0,1.0,2.0,2.0,3.0,1.0,3.0],[3.0,3.0,1.0,1.0,1.0,1.0,1.0,1.0,2.0,1.0,2.0,3.0,3.0,1.0,1.0],[2.0,2.0,3.0,2.0,1.0,1.0,1.0,1.0,1.0,1.0,1.0,3.0,3.0,1.0,3.0],[2.0,2.0,3.0,3.0,1.0,1.0,3.0,2.0,1.0,1.0,1.0,3.0,3.0,3.0,3.0],[2.0,2.0,3.0,1.0,1.0,1.0,1.0,1.0,3.0,1.0,1.0,3.0,3.0,2.0,3.0],[2.0,1.0,2.0,2.0,2.0,1.0,1.0,1.0,3.0,1.0,1.0,1.0,1.0,1.0,1.0],[1.0,3.0,2.0,2.0,2.0,1.0,1.0,1.0,1.0,3.0,2.0,2.0,2.0,1.0,3.0],[2.0,1.0,2.0,3.0,3.0,1.0,1.0,2.0,2.0,2.0,1.0,2.0,1.0,1.0,3.0],[1.0,1.0,1.0,2.0,3.0,3.0,1.0,1.0,3.0,3.0,3.0,1.0,1.0,1.0,3.0],[3.0,2.0,3.0,3.0,2.0,2.0,1.0,3.0,3.0,1.0,1.0,1.0,1.0,1.0,2.0],[2.0,2.0,2.0,3.0,3.0,1.0,2.0,2.0,3.0,2.0,1.0,1.0,1.0,1.0,3.0]],"fitness":[46.74466314987344,49.406066004666094,52.56349663614274,53.62905887757237,54.86731532988304,54.86731532988304,56.525359765835326,56.525359765835326,57.231853393726425,57.231853393726425,57.92474478586188,57.92474478586188,58.17958579451251,58.849226448650235,58.849226448650235,58.849226448650235,58.849226448650235,59.763349837108315,59.763349837108315,59.763349837108315,59.763349837108315],"radar":{"0":93.84517766497461,"1":100,"2":66.09513274336284,"3":51.78215194126075,"4":49.24766504763899,"5":69.38775510204081,"6":76.99115044247787,"7":66.66666666666666,"8":100}}