{"block":[[2.0,2.0,2.0,3.0,3.0,3.0,2.0,2.0,3.0,2.0,1.0,1.0,1.0,1.0,1.0],[2.0,3.0,2.0,2.0,3.0,1.0,3.0,2.0,1.0,1.0,1.0,1.0,1.0,1.0,1.0],[3.0,3.0,1.0,3.0,3.0,3.0,3.0,2.0,2.0,1.0,1.0,1.0,1.0,1.0,2.0],[2.0,3.0,1.0,2.0,2.0,2.0,1.0,3.0,3.0,1.0,1.0,1.0,1.0,2.0,3.0],[2.0,2.0,1.0,1.0,1.0,2.0,1.0,1.0,3.0,1.0,2.0,2.0,2.0,3.0,3.0],[3.0,3.0,1.0,1.0,1.0,1.0,1.0,1.0,2.0,1.0,2.0,3.0,3.0,3.0,2.0],[1.0,2.0,3.0,2.0,1.0,1.0,1.0,1.0,1.0,1.0,3.0,3.0,3.0,1.0,3.0],[2.0,2.0,3.0,3.0,1.0,2.0,1.0,2.0,1.0,1.0,1.0,3.0,2.0,3.0,3.0],[3.0,2.0,1.0,2.0,1.0,3.0,1.0,1.0,1.0,1.0,1.0,1.0,3.0,3.0,1.0],[3.0,1.0,1.0,3.0,2.0,2.0,1.0,1.0,3.0,2.0,1.0,1.0,1.0,1.0,1.0],[1.0,1.0,2.0,2.0,2.0,1.0,2.0,3.0,2.0,2.0,2.0,2.0,3.0,1.0,3.0],[1.0,1.0,2.0,3.0,3.0,2.0,3.0,3.0,2.0,2.0,2.0,3.0,2.0,1.0,1.0],[1.0,1.0,1.0,3.0,3.0,3.0,1.0,2.0,3.0,3.0,3.0,1.0,1.0,1.0,1.0],[3.0,1.0,3.0,3.0,2.0,2.0,2.0,3.0,3.0,3.0,1.0,1.0,1.0,1.0,1.0],[2.0,2.0,2.0,3.0,2.0,1.0,1.0,2.0,3.0,1.0,2.0,1.0,1.0,1.0,1.0]],"fitness":[46.74466314987344,49.406066004666094,52.56349663614274,53.62905887757237,54.86731532988304,54.86731532988304,56.525359765835326,56.525359765835326,57.231853393726425,57.231853393726425,57.92474478586188,57.92474478586188,58.17958579451251,58.849226448650235,58.849226448650235,58.849226448650235,58.849226448650235,59.763349837108315,59.763349837108315,59.763349837108315,59.763349837108315,60.21656621111895,60.21656621111895,60.21656621111895,60.399632649292464,60.399632649292464,62.15330703544926,62.26841004329379,62.28239718598587,62.28239718598587,62.28239718598587,62.28239718598587,62.31891113487289,62.31891113487289,62.53290284258082,62.97543877854373,62.97543877854373,64.31011623282276,64.31011623282276,64.31011623282276,64.31011623282276],"radar":{"0":96.45163862530899,"1":100,"2":71.3495575221239,"3":55.662791905851954,"4":51.22128596827847,"5":85.33333333333334,"6":71.52317880794702,"7":66.66666666666666,"8":100}}