{"block":[[2.0,2.0,3.0,2.0,3.0,1.0,3.0,2.0,3.0,2.0,1.0,1.0,1.0,1.0,3.0],[2.0,3.0,2.0,2.0,3.0,2.0,2.0,2.0,3.0,1.0,1.0,1.0,1.0,1.0,1.0],[3.0,3.0,3.0,3.0,3.0,3.0,2.0,3.0,2.0,1.0,1.0,1.0,1.0,1.0,3.0],[2.0,2.0,3.0,3.0,3.0,2.0,2.0,3.0,3.0,1.0,1.0,1.0,1.0,3.0,2.0],[3.0,2.0,2.0,1.0,1.0,2.0,1.0,1.0,3.0,2.0,3.0,3.0,2.0,2.0,3.0],[2.0,1.0,1.0,1.0,1.0,3.0,1.0,1.0,1.0,1.0,2.0,3.0,2.0,2.0,1.0],[1.0,2.0,2.0,1.0,1.0,1.0,1.0,1.0,1.0,1.0,3.0,3.0,3.0,2.0,2.0],[2.0,2.0,2.0,3.0,3.0,1.0,1.0,1.0,1.0,1.0,1.0,2.0,2.0,3.0,3.0],[1.0,1.0,3.0,2.0,2.0,1.0,1.0,1.0,1.0,1.0,1.0,1.0,3.0,1.0,3.0],[1.0,3.0,2.0,2.0,2.0,3.0,1.0,1.0,3.0,1.0,1.0,1.0,1.0,1.0,1.0],[1.0,1.0,1.0,2.0,3.0,3.0,1.0,3.0,2.0,2.0,3.0,2.0,1.0,1.0,1.0],[2.0,1.0,1.0,3.0,1.0,3.0,1.0,2.0,1.0,3.0,2.0,2.0,3.0,1.0,1.0],[1.0,1.0,1.0,3.0,3.0,2.0,2.0,2.0,3.0,3.0,3.0,1.0,1.0,1.0,1.0],[2.0,3.0,2.0,3.0,2.0,2.0,2.0,3.0,3.0,2.0,1.0,1.0,1.0,1.0,1.0],[2.0,2.0,2.0,3.0,1.0,2.0,3.0,2.0,2.0,1.0,1.0,1.0,1.0,1.0,1.0]],"fitness":[46.74466314987344,49.406066004666094,52.56349663614274,53.62905887757237,54.86731532988304,54.86731532988304,56.525359765835326,56.525359765835326,57.231853393726425,57.231853393726425,57.92474478586188,57.92474478586188,58.17958579451251,58.849226448650235,58.849226448650235,58.849226448650235,58.849226448650235,59.763349837108315,59.763349837108315,59.763349837108315,59.763349837108315,60.21656621111895,60.21656621111895,60.21656621111895,60.399632649292464,60.399632649292464,62.15330703544926,62.26841004329379,62.28239718598587,62.28239718598587,62.28239718598587,62.28239718598587,62.31891113487289,62.31891113487289,62.53290284258082,62.97543877854373,62.97543877854373,64.31011623282276,64.31011623282276,64.31011623282276,64.31011623282276,64.31011623282276,64.31011623282276,64.31011623282276,64.31011623282276,64.31011623282276,64.31011623282276,64.31011623282276,64.31011623282276,64.31011623282276,64.31011623282276,64.31011623282276,64.31011623282276,64.31011623282276,64.31011623282276,64.31011623282276,64.31011623282276,64.31011623282276,64.90565946094861,64.90565946094861,64.90565946094861,65.24384175662851,65.73127512640426,65.73127512640426,65.73127512640426,65.73127512640426,65.73127512640426,65.73127512640426,65.73127512640426,65.73127512640426,65.73127512640426,65.73127512640426,65.73127512640426,65.73127512640426,65.73127512640426,65.73127512640426,65.73127512640426,66.06034604524471,66.06034604524471,66.06034604524471,66.06034604524471,66.06034604524471,66.06034604524471,66.06034604524471,66.62272178389087,66.62272178389087,66.62272178389087,66.62272178389087,66.62272178389087,66.62272178389087,66.62272178389087,66.62272178389087,66.62272178389087,66.62272178389087,66.62272178389087,66.62272178389087,66.62272178389087,66.62272178389087,66.62272178389087,66.62272178389087,66.62272178389087,66.62272178389087,66.62272178389087,66.62272178389087,66.62272178389087,66.62272178389087,66.62272178389087,66.62272178389087,66.62272178389087,66.62272178389087,66.76132058982972,66.76132058982972,66.76132058982972,66.76132058982972,66.83734468767271,66.83734468767271,66.83734468767271,66.83734468767271,66.83734468767271,66.83734468767271,66.83734468767271,66.90811752566661,66.90811752566661,66.90811752566661,66.90811752566661,67.45578321852001,67.45578321852001,67.45578321852001,67.45578321852001,67.45578321852001,67.45578321852001,67.45578321852001,67.45578321852001,67.45578321852001,67.45578321852001,67.45578321852001,67.45578321852001,67.45578321852001,67.45578321852001,67.45578321852001,67.45578321852001],"radar":{"0":95.55751928020565,"1":100,"2":79.36946902654867,"3":51.08442001356012,"4":54.168086205548434,"5":89.70588235294117,"6":64.13090360146646,"7":66.66666666666666,"8":100}}