{"block":[[2.0,3.0,1.0,2.0,3.0,2.0,3.0,1.0,2.0,1.0,3.0,3.0,2.0,1.0,3.0],[1.0,3.0,1.0,1.0,3.0,3.0,3.0,2.0,1.0,3.0,3.0,1.0,3.0,3.0,3.0],[3.0,2.0,3.0,3.0,1.0,3.0,1.0,1.0,2.0,2.0,3.0,3.0,2.0,2.0,3.0],[1.0,2.0,1.0,3.0,2.0,1.0,1.0,2.0,3.0,2.0,2.0,1.0,1.0,1.0,2.0],[3.0,2.0,1.0,2.0,3.0,2.0,1.0,2.0,2.0,3.0,1.0,3.0,1.0,2.0,2.0],[3.0,3.0,2.0,1.0,1.0,3.0,1.0,2.0,3.0,1.0,2.0,1.0,3.0,1.0,2.0],[2.0,1.0,2.0,2.0,1.0,1.0,3.0,1.0,1.0,3.0,3.0,3.0,3.0,3.0,2.0],[1.0,3.0,3.0,3.0,1.0,1.0,1.0,3.0,2.0,3.0,3.0,1.0,2.0,3.0,3.0],[2.0,3.0,1.0,2.0,2.0,2.0,3.0,2.0,1.0,3.0,2.0,2.0,3.0,1.0,3.0],[1.0,2.0,1.0,3.0,1.0,2.0,2.0,1.0,2.0,3.0,2.0,1.0,1.0,2.0,1.0],[2.0,1.0,2.0,1.0,2.0,3.0,2.0,1.0,2.0,3.0,2.0,1.0,2.0,1.0,3.0],[1.0,1.0,1.0,1.0,1.0,3.0,2.0,2.0,2.0,2.0,3.0,1.0,3.0,2.0,1.0],[2.0,2.0,2.0,2.0,2.0,1.0,1.0,3.0,1.0,1.0,1.0,2.0,3.0,1.0,2.0],[2.0,3.0,3.0,1.0,3.0,2.0,2.0,2.0,1.0,3.0,2.0,2.0,2.0,3.0,2.0],[2.0,3.0,2.0,2.0,2.0,3.0,2.0,3.0,3.0,3.0,2.0,1.0,3.0,2.0,1.0]],"fitness":[49.797544479529996],"radar":{"0":98.73650228208838,"1":100,"2":22.876304023845005,"3":50.343451884246086,"4":50.52181092980433,"5":82.02247191011236,"6":80.3615112802392,"7":66.66666666666666,"8":100}}