{"block":[[1.0,1.0,3.0,3.0,3.0,3.0,1.0,3.0,3.0,1.0,2.0,1.0,1.0,2.0,3.0],[3.0,3.0,3.0,2.0,3.0,1.0,1.0,3.0,3.0,2.0,2.0,3.0,3.0,1.0,1.0],[1.0,1.0,2.0,1.0,3.0,1.0,1.0,2.0,3.0,2.0,3.0,2.0,2.0,2.0,1.0],[2.0,2.0,1.0,3.0,2.0,2.0,1.0,3.0,1.0,3.0,3.0,2.0,2.0,1.0,2.0],[2.0,2.0,3.0,2.0,2.0,3.0,1.0,1.0,1.0,1.0,2.0,3.0,1.0,3.0,2.0],[2.0,1.0,2.0,2.0,3.0,2.0,1.0,1.0,2.0,1.0,3.0,3.0,2.0,1.0,3.0],[2.0,2.0,2.0,1.0,2.0,3.0,2.0,3.0,1.0,3.0,2.0,1.0,1.0,3.0,3.0],[2.0,1.0,2.0,3.0,3.0,1.0,2.0,1.0,3.0,3.0,1.0,3.0,3.0,1.0,2.0],[1.0,1.0,3.0,2.0,2.0,3.0,1.0,3.0,3.0,1.0,3.0,2.0,1.0,3.0,2.0],[2.0,2.0,3.0,2.0,1.0,1.0,3.0,2.0,3.0,2.0,1.0,2.0,1.0,2.0,1.0],[2.0,3.0,3.0,2.0,1.0,1.0,2.0,2.0,1.0,2.0,3.0,3.0,1.0,1.0,3.0],[1.0,1.0,3.0,2.0,2.0,2.0,1.0,3.0,1.0,3.0,3.0,2.0,3.0,2.0,3.0],[2.0,1.0,2.0,3.0,1.0,3.0,3.0,3.0,1.0,1.0,3.0,2.0,1.0,1.0,3.0],[1.0,2.0,1.0,3.0,1.0,1.0,3.0,2.0,2.0,1.0,2.0,1.0,3.0,3.0,1.0],[2.0,3.0,3.0,1.0,3.0,1.0,2.0,1.0,1.0,2.0,3.0,3.0,2.0,3.0,2.0]],"fitness":[47.81796661446426],"radar":{"0":97.79053583855251,"1":100,"2":27.421758569299552,"3":51.10288992125875,"4":45.91538303318121,"5":79.38144329896907,"6":82.53634183348832,"7":66.66666666666666,"8":100}}