{"block":[[3.0,3.0,3.0,3.0,2.0,3.0,2.0,1.0,2.0,1.0,2.0,3.0,1.0,1.0,2.0],[3.0,1.0,2.0,3.0,1.0,3.0,1.0,2.0,2.0,1.0,1.0,1.0,1.0,2.0,2.0],[2.0,2.0,2.0,3.0,2.0,1.0,2.0,3.0,2.0,1.0,1.0,2.0,1.0,1.0,1.0],[1.0,2.0,1.0,2.0,3.0,3.0,2.0,2.0,2.0,1.0,1.0,3.0,1.0,1.0,1.0],[3.0,2.0,2.0,1.0,2.0,3.0,3.0,2.0,1.0,1.0,1.0,3.0,1.0,1.0,1.0],[2.0,3.0,3.0,1.0,2.0,2.0,1.0,1.0,3.0,1.0,1.0,3.0,1.0,2.0,2.0],[3.0,3.0,3.0,3.0,3.0,1.0,1.0,2.0,2.0,1.0,1.0,1.0,1.0,1.0,2.0],[3.0,1.0,3.0,1.0,1.0,1.0,1.0,3.0,2.0,1.0,1.0,1.0,1.0,1.0,3.0],[2.0,1.0,2.0,2.0,1.0,1.0,3.0,1.0,2.0,3.0,3.0,1.0,1.0,1.0,1.0],[3.0,1.0,2.0,2.0,1.0,1.0,2.0,3.0,1.0,1.0,1.0,1.0,2.0,2.0,2.0],[2.0,1.0,1.0,3.0,1.0,1.0,3.0,2.0,3.0,1.0,1.0,3.0,1.0,3.0,3.0],[3.0,1.0,1.0,1.0,3.0,2.0,2.0,2.0,1.0,2.0,3.0,3.0,1.0,2.0,3.0],[1.0,1.0,1.0,1.0,3.0,3.0,1.0,1.0,2.0,1.0,1.0,1.0,1.0,3.0,2.0],[3.0,2.0,3.0,2.0,3.0,2.0,1.0,2.0,1.0,1.0,1.0,1.0,3.0,2.0,2.0],[3.0,3.0,2.0,3.0,2.0,2.0,1.0,3.0,3.0,3.0,3.0,3.0,3.0,1.0,1.0]],"fitness":[47.81796661446426,49.519696098127525,50.82830010878281,51.54352141752768,52.74056638732792,52.74056638732792,54.19926675059117,56.08369544384303,56.247482668029214,56.63595068566809,57.184146357536406,57.813135293824935,58.62304269743475,58.62304269743475,58.62304269743475,58.62304269743475,58.62304269743475,58.792817263505164,58.792817263505164,58.792817263505164,59.840341313805546],"radar":{"0":98.4375,"1":100,"2":62.27876106194691,"3":50.62545315853854,"4":53.665804195337806,"5":74.11764705882352,"6":81.81818181818183,"7":66.66666666666666,"8":100}}