{"block":[[1.0,2.0,2.0,2.0,2.0,2.0,1.0,2.0,2.0,1.0,1.0,2.0,3.0,2.0,2.0],[2.0,3.0,1.0,3.0,3.0,2.0,2.0,2.0,1.0,1.0,1.0,2.0,2.0,3.0,3.0],[3.0,1.0,1.0,1.0,1.0,3.0,3.0,2.0,2.0,1.0,2.0,2.0,1.0,2.0,3.0],[1.0,1.0,1.0,1.0,3.0,2.0,2.0,1.0,2.0,2.0,3.0,1.0,1.0,1.0,1.0],[2.0,3.0,3.0,3.0,3.0,3.0,2.0,1.0,1.0,1.0,1.0,1.0,1.0,1.0,1.0],[2.0,3.0,1.0,2.0,2.0,3.0,1.0,1.0,1.0,1.0,1.0,1.0,1.0,1.0,1.0],[2.0,2.0,1.0,1.0,1.0,1.0,1.0,1.0,1.0,1.0,1.0,1.0,1.0,1.0,1.0],[3.0,2.0,3.0,2.0,2.0,1.0,1.0,1.0,1.0,1.0,1.0,1.0,2.0,1.0,3.0],[3.0,3.0,2.0,3.0,2.0,2.0,1.0,1.0,1.0,1.0,1.0,1.0,2.0,3.0,2.0],[2.0,1.0,3.0,2.0,3.0,2.0,1.0,1.0,1.0,1.0,2.0,2.0,2.0,3.0,3.0],[1.0,1.0,1.0,1.0,2.0,1.0,2.0,3.0,1.0,3.0,3.0,3.0,3.0,1.0,2.0],[3.0,1.0,1.0,1.0,3.0,2.0,2.0,2.0,2.0,3.0,1.0,3.0,3.0,3.0,2.0],[1.0,2.0,1.0,1.0,1.0,3.0,2.0,3.0,2.0,3.0,1.0,1.0,1.0,3.0,2.0],[3.0,3.0,2.0,2.0,3.0,3.0,2.0,2.0,3.0,2.0,1.0,1.0,3.0,2.0,2.0],[3.0,3.0,2.0,3.0,2.0,1.0,1.0,3.0,3.0,3.0,2.0,3.0,1.0,1.0,2.0]],"fitness":[47.81796661446426,49.519696098127525,50.82830010878281,51.54352141752768,52.74056638732792,52.74056638732792,54.19926675059117,56.08369544384303,56.247482668029214,56.63595068566809,57.184146357536406,57.813135293824935,58.62304269743475,58.62304269743475,58.62304269743475,58.62304269743475,58.62304269743475,58.792817263505164,58.792817263505164,58.792817263505164,59.840341313805546,59.840341313805546,59.840341313805546,60.60189002405079,60.60189002405079,60.60189002405079,60.60189002405079,60.993983229053946,62.09010129636902,62.09010129636902,62.09010129636902,62.09010129636902,63.43423105750644,63.43423105750644,63.43423105750644,64.71288978247736,64.71288978247736,64.71288978247736,64.71288978247736,64.71288978247736,64.71288978247736],"radar":{"0":97.03632887189293,"1":100,"2":76.1061946902655,"3":50.52931286754396,"4":50.89183420328831,"5":87.87878787878788,"6":72.53454025726538,"7":66.66666666666666,"8":100}}