{"block":[[1.0,2.0,2.0,2.0,2.0,2.0,1.0,2.0,1.0,1.0,1.0,2.0,3.0,2.0,2.0],[2.0,2.0,1.0,3.0,2.0,2.0,2.0,2.0,1.0,1.0,3.0,2.0,2.0,3.0,3.0],[3.0,1.0,1.0,1.0,1.0,2.0,3.0,2.0,1.0,1.0,3.0,2.0,3.0,3.0,3.0],[1.0,1.0,1.0,1.0,3.0,2.0,2.0,1.0,2.0,2.0,3.0,1.0,2.0,1.0,1.0],[2.0,3.0,3.0,3.0,3.0,2.0,1.0,1.0,1.0,1.0,1.0,1.0,1.0,1.0,1.0],[3.0,3.0,1.0,2.0,2.0,3.0,1.0,1.0,1.0,1.0,1.0,1.0,1.0,1.0,1.0],[2.0,2.0,1.0,1.0,1.0,1.0,1.0,1.0,1.0,1.0,1.0,1.0,1.0,1.0,1.0],[3.0,2.0,2.0,2.0,2.0,1.0,1.0,1.0,1.0,1.0,1.0,1.0,1.0,1.0,3.0],[3.0,3.0,2.0,3.0,2.0,2.0,1.0,1.0,1.0,1.0,1.0,1.0,2.0,3.0,2.0],[2.0,1.0,3.0,2.0,3.0,2.0,1.0,1.0,1.0,1.0,2.0,2.0,2.0,2.0,3.0],[1.0,1.0,1.0,1.0,2.0,2.0,2.0,3.0,1.0,3.0,3.0,3.0,3.0,1.0,2.0],[1.0,1.0,1.0,1.0,3.0,2.0,2.0,2.0,2.0,3.0,1.0,3.0,1.0,3.0,2.0],[1.0,2.0,1.0,1.0,1.0,3.0,2.0,3.0,2.0,3.0,1.0,1.0,1.0,3.0,2.0],[3.0,3.0,2.0,2.0,3.0,3.0,2.0,2.0,3.0,2.0,1.0,1.0,1.0,2.0,2.0],[3.0,3.0,2.0,3.0,2.0,3.0,1.0,3.0,3.0,3.0,2.0,3.0,3.0,1.0,2.0]],"fitness":[47.81796661446426,49.519696098127525,50.82830010878281,51.54352141752768,52.74056638732792,52.74056638732792,54.19926675059117,56.08369544384303,56.247482668029214,56.63595068566809,57.184146357536406,57.813135293824935,58.62304269743475,58.62304269743475,58.62304269743475,58.62304269743475,58.62304269743475,58.792817263505164,58.792817263505164,58.792817263505164,59.840341313805546,59.840341313805546,59.840341313805546,60.60189002405079,60.60189002405079,60.60189002405079,60.60189002405079,60.993983229053946,62.09010129636902,62.09010129636902,62.09010129636902,62.09010129636902,63.43423105750644,63.43423105750644,63.43423105750644,64.71288978247736,64.71288978247736,64.71288978247736,64.71288978247736,64.71288978247736,64.71288978247736,64.71288978247736,64.71288978247736,65.47285492817679,65.47285492817679,65.97450449702117,65.97450449702117,65.97450449702117,65.97450449702117,65.97450449702117,65.97450449702117,65.97450449702117,65.97450449702117,65.97450449702117,65.97450449702117,65.97450449702117,65.97450449702117,65.97450449702117,65.97450449702117,65.97450449702117,65.97450449702117],"radar":{"0":94.44180522565321,"1":100,"2":80.58628318584071,"3":51.54825986536494,"4":49.70435438247713,"5":86.15384615384615,"6":69.74622851128524,"7":66.66666666666666,"8":0}}