{"block":[[3.0,2.0,2.0,3.0,1.0,1.0,3.0,2.0,1.0,1.0,1.0,3.0,2.0,2.0,2.0],[1.0,1.0,1.0,3.0,3.0,2.0,2.0,2.0,1.0,1.0,3.0,3.0,2.0,3.0,3.0],[1.0,1.0,1.0,1.0,1.0,2.0,3.0,2.0,1.0,2.0,2.0,1.0,3.0,1.0,3.0],[1.0,1.0,1.0,1.0,3.0,1.0,1.0,1.0,1.0,2.0,3.0,1.0,2.0,1.0,1.0],[2.0,3.0,1.0,3.0,3.0,2.0,1.0,1.0,1.0,1.0,1.0,1.0,1.0,1.0,1.0],[3.0,3.0,3.0,2.0,2.0,2.0,1.0,1.0,1.0,1.0,1.0,1.0,1.0,1.0,1.0],[2.0,2.0,1.0,1.0,1.0,1.0,1.0,1.0,1.0,1.0,1.0,1.0,1.0,1.0,1.0],[3.0,2.0,1.0,2.0,2.0,1.0,1.0,1.0,1.0,1.0,1.0,1.0,1.0,2.0,3.0],[3.0,3.0,2.0,2.0,2.0,2.0,3.0,1.0,1.0,1.0,1.0,1.0,3.0,3.0,2.0],[2.0,3.0,3.0,3.0,3.0,1.0,1.0,1.0,1.0,1.0,2.0,3.0,3.0,2.0,3.0],[1.0,3.0,1.0,1.0,3.0,2.0,1.0,3.0,1.0,3.0,3.0,3.0,3.0,3.0,2.0],[1.0,1.0,1.0,3.0,2.0,3.0,2.0,2.0,3.0,1.0,1.0,1.0,1.0,2.0,2.0],[3.0,3.0,3.0,2.0,2.0,3.0,2.0,3.0,2.0,3.0,1.0,1.0,1.0,2.0,2.0],[2.0,3.0,2.0,2.0,3.0,3.0,1.0,2.0,3.0,2.0,1.0,1.0,1.0,2.0,2.0],[3.0,3.0,2.0,3.0,2.0,2.0,2.0,3.0,3.0,2.0,2.0,3.0,3.0,3.0,2.0]],"fitness":[47.81796661446426,49.519696098127525,50.82830010878281,51.54352141752768,52.74056638732792,52.74056638732792,54.19926675059117,56.08369544384303,56.247482668029214,56.63595068566809,57.184146357536406,57.813135293824935,58.62304269743475,58.62304269743475,58.62304269743475,58.62304269743475,58.62304269743475,58.792817263505164,58.792817263505164,58.792817263505164,59.840341313805546,59.840341313805546,59.840341313805546,60.60189002405079,60.60189002405079,60.60189002405079,60.60189002405079,60.993983229053946,62.09010129636902,62.09010129636902,62.09010129636902,62.09010129636902,63.43423105750644,63.43423105750644,63.43423105750644,64.71288978247736,64.71288978247736,64.71288978247736,64.71288978247736,64.71288978247736,64.71288978247736,64.71288978247736,64.71288978247736,65.47285492817679,65.47285492817679,65.97450449702117,65.97450449702117,65.97450449702117,65.97450449702117,65.97450449702117,65.97450449702117,65.97450449702117,65.97450449702117,65.97450449702117,65.97450449702117,65.97450449702117,65.97450449702117,65.97450449702117,65.97450449702117,65.97450449702117,65.97450449702117,65.97450449702117,65.97450449702117,65.97450449702117,65.97450449702117,65.97450449702117,66.32456055319453,66.32456055319453,66.32456055319453,66.32456055319453,66.32456055319453,66.93254989388869,66.93254989388869,66.93254989388869,66.93254989388869,66.93254989388869,66.93254989388869,66.93254989388869,66.93254989388869,66.93254989388869,66.93254989388869,66.93254989388869,68.01348786354997,68.01348786354997,68.01348786354997,68.01348786354997,68.01348786354997,68.01348786354997,68.01348786354997,68.01348786354997,68.01348786354997,68.01348786354997,68.01348786354997,68.01348786354997,68.01348786354997,68.01348786354997,68.01348786354997,68.01348786354997,68.01348786354997,68.01348786354997,68.01348786354997,68.01348786354997,68.01348786354997,68.01348786354997,68.3171449888187,68.3171449888187,68.3171449888187,68.3171449888187,68.3171449888187,68.3171449888187,68.3171449888187,68.9595017665875,68.9595017665875,68.9595017665875,68.9595017665875,68.9595017665875,68.9595017665875,69.06542067926442,69.06542067926442,69.06542067926442,69.06542067926442],"radar":{"0":96.875,"1":100,"2":82.41150442477877,"3":54.22485785170208,"4":53.35987523115616,"5":86.48648648648648,"6":66.63681146439767,"7":66.66666666666666,"8":100}}