{"block":[[1.0,3.0,2.0,2.0,3.0,1.0,2.0,2.0,2.0,3.0,1.0,2.0,1.0,1.0,2.0],[3.0,2.0,1.0,2.0,1.0,1.0,1.0,1.0,1.0,2.0,3.0,2.0,1.0,2.0,1.0],[2.0,2.0,3.0,3.0,3.0,2.0,1.0,2.0,1.0,1.0,3.0,2.0,1.0,3.0,2.0],[3.0,1.0,1.0,3.0,2.0,1.0,2.0,2.0,2.0,2.0,3.0,3.0,2.0,3.0,2.0],[1.0,3.0,2.0,1.0,3.0,2.0,1.0,3.0,2.0,1.0,1.0,1.0,1.0,2.0,2.0],[2.0,3.0,2.0,1.0,3.0,3.0,2.0,2.0,1.0,2.0,3.0,3.0,3.0,2.0,2.0],[3.0,1.0,1.0,1.0,1.0,3.0,2.0,3.0,2.0,2.0,2.0,2.0,1.0,2.0,3.0],[3.0,3.0,1.0,1.0,3.0,3.0,1.0,1.0,3.0,2.0,1.0,3.0,1.0,3.0,1.0],[3.0,3.0,1.0,1.0,2.0,3.0,1.0,1.0,1.0,3.0,1.0,1.0,2.0,1.0,2.0],[1.0,2.0,2.0,3.0,3.0,2.0,1.0,2.0,3.0,3.0,2.0,2.0,1.0,1.0,3.0],[2.0,3.0,1.0,3.0,2.0,1.0,2.0,2.0,1.0,1.0,1.0,3.0,2.0,3.0,3.0],[3.0,1.0,1.0,2.0,1.0,1.0,3.0,2.0,2.0,3.0,3.0,3.0,3.0,2.0,3.0],[2.0,1.0,2.0,3.0,3.0,1.0,3.0,1.0,3.0,2.0,2.0,2.0,2.0,1.0,2.0],[2.0,3.0,2.0,1.0,2.0,3.0,2.0,3.0,3.0,3.0,2.0,2.0,1.0,3.0,3.0],[2.0,2.0,2.0,1.0,2.0,2.0,2.0,2.0,2.0,2.0,1.0,3.0,1.0,1.0,3.0]],"fitness":[49.278063834877116],"radar":{"0":96.02385685884693,"1":100,"2":33.010432190760056,"3":50.7605933104342,"4":51.364869426053595,"5":89.6103896103896,"6":83.38368580060424,"7":66.66666666666666,"8":100}}