{"block":[[3.0,3.0,3.0,2.0,1.0,1.0,1.0,2.0,3.0,2.0,3.0,3.0,2.0,3.0,3.0],[1.0,1.0,2.0,1.0,1.0,1.0,1.0,1.0,1.0,2.0,2.0,3.0,3.0,3.0,3.0],[1.0,1.0,1.0,1.0,3.0,1.0,1.0,3.0,1.0,2.0,2.0,1.0,3.0,3.0,1.0],[1.0,1.0,1.0,1.0,2.0,1.0,1.0,2.0,3.0,3.0,3.0,1.0,3.0,2.0,2.0],[2.0,1.0,1.0,1.0,1.0,1.0,1.0,1.0,3.0,3.0,1.0,1.0,1.0,2.0,2.0],[3.0,2.0,2.0,1.0,1.0,1.0,1.0,2.0,2.0,3.0,2.0,2.0,2.0,3.0,3.0],[2.0,3.0,2.0,1.0,1.0,1.0,3.0,2.0,2.0,3.0,3.0,3.0,2.0,2.0,1.0],[1.0,1.0,1.0,3.0,3.0,2.0,1.0,2.0,3.0,2.0,3.0,1.0,2.0,2.0,3.0],[3.0,1.0,1.0,2.0,3.0,3.0,3.0,2.0,2.0,2.0,3.0,3.0,2.0,3.0,3.0],[3.0,1.0,1.0,3.0,3.0,3.0,1.0,2.0,3.0,2.0,2.0,2.0,1.0,3.0,2.0],[3.0,1.0,1.0,3.0,3.0,2.0,1.0,2.0,2.0,3.0,3.0,1.0,1.0,1.0,1.0],[1.0,1.0,1.0,1.0,1.0,1.0,3.0,2.0,2.0,2.0,1.0,1.0,2.0,2.0,2.0],[2.0,2.0,3.0,2.0,2.0,2.0,3.0,3.0,3.0,2.0,2.0,1.0,1.0,1.0,3.0],[3.0,3.0,2.0,3.0,2.0,1.0,3.0,2.0,3.0,3.0,1.0,1.0,1.0,1.0,2.0],[3.0,3.0,2.0,2.0,1.0,3.0,2.0,3.0,2.0,2.0,3.0,3.0,2.0,2.0,3.0]],"fitness":[49.278063834877116,49.920557474125054,50.31031433777214,51.69173234800521,53.13980219806447,53.29294732481203,55.73238618293471,55.75565520733637,55.96956925066623,56.5845801557675,58.252999820534384,59.70406468209744,61.00603489057499,61.00603489057499,61.00603489057499,61.954920497499174,61.954920497499174,61.986966602373414,61.986966602373414,61.986966602373414,61.986966602373414],"radar":{"0":98.23008849557522,"1":100,"2":71.98211624441133,"3":49.70365568486445,"4":49.41446338899522,"5":83.14606741573034,"6":65.80661322645291,"7":66.66666666666666,"8":100}}