{"block":[[1.0,1.0,1.0,1.0,1.0,1.0,1.0,2.0,3.0,2.0,3.0,3.0,3.0,2.0,3.0],[1.0,1.0,1.0,1.0,1.0,1.0,1.0,1.0,2.0,2.0,2.0,2.0,3.0,3.0,3.0],[1.0,1.0,1.0,1.0,1.0,1.0,1.0,3.0,2.0,2.0,2.0,1.0,2.0,1.0,1.0],[1.0,1.0,1.0,1.0,1.0,1.0,1.0,2.0,3.0,3.0,3.0,1.0,2.0,2.0,1.0],[3.0,3.0,1.0,1.0,1.0,1.0,1.0,2.0,3.0,3.0,1.0,1.0,1.0,3.0,3.0],[1.0,2.0,1.0,1.0,1.0,1.0,1.0,3.0,2.0,3.0,2.0,2.0,1.0,2.0,3.0],[2.0,3.0,1.0,1.0,1.0,3.0,3.0,2.0,2.0,3.0,2.0,3.0,2.0,1.0,3.0],[2.0,1.0,1.0,3.0,3.0,2.0,3.0,2.0,3.0,3.0,2.0,3.0,1.0,2.0,2.0],[2.0,1.0,1.0,3.0,3.0,2.0,3.0,1.0,2.0,2.0,3.0,3.0,3.0,3.0,3.0],[2.0,1.0,1.0,2.0,3.0,2.0,1.0,2.0,3.0,3.0,2.0,2.0,2.0,3.0,2.0],[3.0,1.0,1.0,1.0,3.0,1.0,1.0,2.0,2.0,3.0,3.0,1.0,1.0,1.0,1.0],[1.0,1.0,3.0,1.0,3.0,2.0,2.0,1.0,2.0,2.0,3.0,2.0,2.0,3.0,2.0],[2.0,2.0,3.0,3.0,2.0,2.0,3.0,3.0,3.0,3.0,3.0,2.0,3.0,2.0,3.0],[2.0,3.0,3.0,3.0,2.0,2.0,1.0,2.0,3.0,2.0,1.0,1.0,3.0,2.0,2.0],[3.0,3.0,2.0,1.0,3.0,3.0,2.0,2.0,2.0,3.0,1.0,2.0,3.0,2.0,3.0]],"fitness":[49.278063834877116,49.920557474125054,50.31031433777214,51.69173234800521,53.13980219806447,53.29294732481203,55.73238618293471,55.75565520733637,55.96956925066623,56.5845801557675,58.252999820534384,59.70406468209744,61.00603489057499,61.00603489057499,61.00603489057499,61.954920497499174,61.954920497499174,61.986966602373414,61.986966602373414,61.986966602373414,61.986966602373414,61.986966602373414,62.15833944260998,62.72341197100474,62.72341197100474,62.72341197100474,62.72341197100474,62.803776080614526,62.803776080614526,62.803776080614526,62.95984464711176,62.95984464711176,62.95984464711176,62.95984464711176,62.95984464711176,62.95984464711176,63.36635992504327,63.49843825775597,63.49843825775597,63.49843825775597,63.49843825775597,63.49843825775597,63.49843825775597,63.49843825775597,63.49843825775597,64.40924571869185,65.39003675646894,65.39003675646894,65.39003675646894,66.20969007571708,67.48587503786294,67.48587503786294,67.48587503786294,67.48587503786294,67.48587503786294,67.48587503786294,67.48587503786294,67.48587503786294,67.48587503786294,67.48587503786294,67.48587503786294],"radar":{"0":98.15668202764977,"1":100,"2":80.10432190760059,"3":50.98197996057716,"4":51.62089481757421,"5":91.35802469135803,"6":63.18447847350276,"7":66.66666666666666,"8":100}}