{"block":[[2.0,3.0,3.0,3.0,3.0,3.0,2.0,2.0,3.0,1.0,1.0,1.0,1.0,3.0,3.0],[1.0,3.0,3.0,2.0,2.0,2.0,2.0,2.0,1.0,2.0,1.0,3.0,3.0,2.0,3.0],[3.0,1.0,1.0,1.0,1.0,3.0,3.0,3.0,2.0,1.0,2.0,2.0,1.0,2.0,2.0],[2.0,1.0,3.0,1.0,3.0,1.0,1.0,2.0,2.0,1.0,1.0,2.0,3.0,1.0,3.0],[1.0,1.0,2.0,2.0,1.0,3.0,2.0,1.0,1.0,2.0,3.0,3.0,1.0,1.0,2.0],[1.0,3.0,3.0,2.0,2.0,3.0,1.0,3.0,3.0,3.0,2.0,3.0,3.0,2.0,3.0],[2.0,3.0,1.0,2.0,2.0,1.0,1.0,1.0,1.0,2.0,1.0,3.0,3.0,1.0,3.0],[3.0,3.0,1.0,3.0,2.0,3.0,3.0,1.0,2.0,3.0,3.0,1.0,3.0,3.0,1.0],[1.0,3.0,3.0,3.0,1.0,1.0,1.0,1.0,3.0,2.0,1.0,1.0,3.0,2.0,2.0],[2.0,2.0,2.0,1.0,3.0,1.0,3.0,3.0,3.0,2.0,2.0,1.0,3.0,2.0,2.0],[2.0,1.0,3.0,2.0,1.0,1.0,2.0,2.0,3.0,3.0,2.0,1.0,1.0,3.0,1.0],[2.0,1.0,1.0,3.0,2.0,1.0,3.0,2.0,2.0,2.0,1.0,2.0,2.0,1.0,2.0],[3.0,3.0,2.0,2.0,1.0,2.0,3.0,3.0,3.0,1.0,1.0,2.0,1.0,3.0,2.0],[1.0,3.0,1.0,3.0,1.0,2.0,2.0,3.0,2.0,2.0,3.0,3.0,3.0,2.0,3.0],[2.0,2.0,3.0,2.0,1.0,1.0,1.0,3.0,2.0,1.0,1.0,2.0,3.0,2.0,1.0]],"fitness":[48.98918154832781],"radar":{"0":99.15254237288136,"1":100,"2":30.923994038748138,"3":48.69974209203831,"4":49.73598654167188,"5":82.97872340425533,"6":78.19996337667094,"7":66.66666666666666,"8":100}}