{"block":[[3.0,2.0,1.0,3.0,3.0,2.0,3.0,1.0,2.0,2.0,3.0,3.0,3.0,3.0,3.0],[1.0,1.0,3.0,3.0,2.0,2.0,1.0,3.0,1.0,2.0,3.0,1.0,2.0,1.0,3.0],[2.0,1.0,2.0,3.0,3.0,1.0,1.0,1.0,1.0,3.0,2.0,2.0,2.0,3.0,2.0],[2.0,1.0,3.0,1.0,3.0,1.0,1.0,1.0,2.0,1.0,1.0,1.0,3.0,1.0,2.0],[2.0,3.0,3.0,1.0,2.0,1.0,3.0,3.0,1.0,3.0,2.0,1.0,3.0,3.0,3.0],[2.0,3.0,3.0,1.0,3.0,2.0,2.0,1.0,2.0,3.0,1.0,1.0,2.0,1.0,1.0],[1.0,3.0,2.0,1.0,1.0,3.0,3.0,1.0,1.0,3.0,2.0,1.0,2.0,1.0,3.0],[1.0,3.0,2.0,3.0,1.0,2.0,2.0,3.0,3.0,2.0,3.0,3.0,1.0,1.0,3.0],[3.0,1.0,2.0,2.0,3.0,1.0,3.0,2.0,2.0,3.0,3.0,3.0,1.0,1.0,1.0],[2.0,3.0,2.0,3.0,1.0,1.0,3.0,1.0,1.0,3.0,3.0,1.0,1.0,3.0,1.0],[3.0,1.0,1.0,2.0,3.0,3.0,3.0,3.0,1.0,1.0,3.0,2.0,2.0,3.0,1.0],[3.0,2.0,3.0,3.0,2.0,3.0,2.0,3.0,3.0,1.0,3.0,2.0,2.0,3.0,1.0],[3.0,1.0,3.0,3.0,2.0,2.0,2.0,1.0,1.0,1.0,3.0,3.0,2.0,2.0,2.0],[3.0,1.0,2.0,1.0,1.0,2.0,2.0,1.0,1.0,3.0,2.0,1.0,3.0,3.0,1.0],[1.0,1.0,3.0,3.0,2.0,1.0,1.0,2.0,3.0,2.0,1.0,2.0,1.0,1.0,2.0]],"fitness":[47.74127485019919],"radar":{"0":99.21259842519686,"1":100,"2":41.132637853949326,"3":48.20893610405748,"4":47.36754112191184,"5":78.50467289719627,"6":83.22685435841906,"7":66.66666666666666,"8":100}}